#,A—O,RUBRO,OBRA,POA,DESCRIPCI√ìN,CONTRATISTA,FONDO,RECURSOS ESTATAL,RECURSOS FEDERAL,RECURSOS MUNICIPIO,MONTO CONTRATO,AMPLIACION / DEDUCTIVAS,MONTO TOTAL,EJERCIDO,POR EJERCER,AVANCE FINANCIERO,META GENERAL,UNIDAD DE MEDIDA,RECURSOS,AVANCE F√çSICO,JUNTAS AUXILIARES,CANTIDAD DE OBRAS
,2024,CENTRO HIST√ìRICO,70193,,"REHABILITACI√ìN DEL TEMPLO DE LA CONCORDIA (SANTA VERACRUZ Y SAN FELIPE NERI). EN LA LOCALIDAD DE HEROICA PUEBLA DE ZARAGOZA, MUNICIPIO DE PUEBLA, EN EL ESTADO DE PUEBLA, SEGUNDA ETAPA UBICACI√ìN EN CALLE 3 SUR NO. 902 ENTRE CALLE9 PONIENTE Y CALLE 11 PONIENTE , EN LA COLONIA CENTRO DEL MUNICIPIO DE PUEBLA","CONSERVACION Y MANTENIMIENTO DE ESPACIO, S.A. DE C.V.",CONVENIO ESTADO,1263776.65,,0,1257754.78,0,1257754.78,1257754.78,0,1,,,ESTADO,1,ZONA METROPOLITANA,
,2024,REHABILITACION VIAL,70195,,"REHABILITACI√ìN DE PAVIMENTO CON CONCRETO ASF√ÅLTICO EN LA CALLE 27 SUR ENTRE AVENIDA 23 PONIENTE Y CIRCUITO JUAN PABLO II, EN LA LOCALIDAD DE HEROICA PUEBLA DE ZARAGOZA, MUNICIPIO DE PUEBLA, ESTADO DE PUEBLA.","CONSTRUCTORA SAN MAR√ìN, S.A. DE C.V.",CONVENIO ESTADO,16700143.5,,0,16550113.58,150029.92,16700143.5,16700143.5,0,1,2160,M2,ESTADO,1,ZONA METROPOLITANA,
,2024,REHABILITACION VIAL,70196,,"RECONSTRUCCI√ìN DE PAVIMENTO CON CONCRETO ASF√ÅLTICO DE LA AVENIDA CAMPO DE TIRO ENTRE LAS CALLES 2 ORIENTE Y 14 ORIENTE, CON UNA LONGITUD DE 240 METROS, EN LA LOCALIDAD DE HEROICA PUEBLA DE ZARAGOZA, MUNICIPIO DE PUEBLA, ESTADO DE PUEBLA. ","FERGUSAN, S.A. DE C.V.",CONVENIO ESTADO,2267790.89,,0,2233042.46,0,2233042.46,2233042.46,0,1,2520,M2,ESTADO,1,ZONA METROPOLITANA,
,2024,REHABILITACION VIAL,70197,,"REHABILITACI√ìN DE PAVIMENTO CON CONCRETO ASF√ÅLTICO EN LA CALLE 31 SUR ENTRE BOULEVARD ATLIXCO Y CIRCUITO JUAN PABLO II, EN LA LOCALIDAD DE HEROICA PUEBLA DE ZARAGOZA, MUNICIPIO DE PUEBLA, ESTADO DE PUEBLA","PACH CONSTRUCCIONES, S.A. DE C.V.",CONVENIO ESTADO,26898299.99,,0,26683508.13,214791.86,26898299.99,26898299.99,0,1,20384,M2,ESTADO,1,ZONA METROPOLITANA,
,2024,REHABILITACION VIAL,40497,,"MODERNIZACI√ìN DE LA CALLE LOS PILARES, EN LA JUNTA AUXILIAR DE SAN MIGUEL CANOA EN EL MUNICIPIO DE PUEBLA, DEL KM. 0+000 AL KM 1+577.","CONSTRUCTORA Y PROMOTORA ARANTE, S.A. DE C.V.",CONVENIO ESTADO / FAISMUNDF 2024,17382467.05,,6000000,23067954,0,23067954,23067954,0,1,12616,M2,26% MUNICIPIO / 74% ESTADO,1,SAN MIGUEL CANOA,
,2024,REHABILITACION VIAL,40498,,"RECONSTRUCCI√ìN DE PAVIMENTO CON CONCRETO ASF√ÅLTICO DE LA AVENIDA DE LOS M√ÅRTIRES INICIANDO EN CAMINO A CLAVIJERO, CON UNA LONGITUD DE 930 METROS, EN LA LOCALIDAD DE HEROICA PUEBLA DE ZARAGOZA, MUNICIPIO DE PUEBLA, ESTADO DE PUEBLA","CUAR CONSTRUCTORES ASOCIADOS, S.A. DE C.V.",CONVENIO ESTADO / RECURSOS PROPIOS,5341210.49,,1500000,6772483.38,68727.11,6841210.49,5555142.93,1286067.56,0.812011696,8835,M2,22% MUNICIPIO / 78% ESTADO,1,ZONA METROPOLITANA,
,2024,REHABILITACION VIAL,40499,,"RECONSTRUCCI√ìN DE PAVIMENTO CON CONCRETO ASF√ÅLTICO DE LA CALLE VENUSTIANO CARRANZA, ENTRE CAMINO A CLAVIJERO Y AVENIDA CAMPO DE TIRO, EN LA LOCALIDAD DE HEROICA PUEBLA DE ZARAGOZA, EN EL MUNICIPIO DE PUEBLA, EN EL ESTADO DE PUEBLA","CONTRATISTAS CIVILES COLZA, S.A. DE C.V.",CONVENIO ESTADO / RECURSOS PROPIOS,5860370.51,,1000000,6704816.92,155553.59,6860370.51,6854746.48,5624.03,0.999180215,8835,M2,15% MUNICIPIO / 85% ESTADO,1,ZONA METROPOLITANA,
,2024,REHABILITACION VIAL,40500,,"RECONSTRUCCI√ìN Y CONSTRUCCI√ìN DE PAVIMENTO CON CONCRETO ASF√ÅLTICO DE LA AVENIDA DE LOS EDUCADORES, ENTRE AVENIDA JOS√â MAR√çA LAFRAGUA Y CALLE JUSTO SIERRA, AVENIDA DE LOS EDUCADORES ENTRE LAS CALLES JUAN CORDERO Y GALILEO GALILEI Y PRIVADA GALILEO GALILEI ENTRE LA AVENIDA DE LOS EDUCADORES Y LA AVENIDA INDEPENDENCIA, EN LA LOCALIDAD DE HEROICA PUEBLA DE ZARAGOZA, EN EL MUNICIPIO DE PUEBLA, EN EL ESTADO DE PUEBLA","CUAR CONSTRUCTORES ASOCIADOS, S.A. DE C.V.",CONVENIO ESTADO / RECURSOS PROPIOS,6075733.88,,1500000,7498306.78,77427.1,7575733.88,7575733.88,0,1,16045,M2,20% MUNICIPIO / 80% ESTADO,1,ZONA METROPOLITANA,
,2024,BACHEO,40501,,"MANTENIMIENTO DE DIVERSAS CALLES A BASE DE BACHEO AISLADO CON CARPETA ASF√ÅLTICA, UBICADO EN LA LOCALIDAD DE HEROICA PUEBLA DE ZARAGOZA, EN EL MUNICIPIO DE PUEBLA, ESTADO DE PUEBLA.","SATORI INOX, S.A. DE C.V.",CONVENIO ESTADO / RECURSOS PROPIOS,3999954.99,,6000000,9849963.18,125660.07,9975623.25,9975623.25,0,1,,,60% MUNICIPIO / 40% ESTADO,1,ZONA METROPOLITANA,
,2024,MERCADO SAN RAMON,40502,,"PROYECTO INTEGRAL PARA LA CONSTRUCCI√ìN DEL MERCADO ""SAN RAM√ìN"", UBICADO EN LA LOCALIDAD DE HEROICA PUEBLA DE ZARAGOZA, EN EL MUNICIPIO DE PUEBLA, ESTADO DE PUEBLA, ubicaci√≥n AVENIDA LOMAS DE ATLIXCO S/N, ENTRE CALLE JAZM√çN Y CALLE LICENCIADO BENITO JU√ÅREZ COLONIA SAN RAM√ìN CASTILLOTLA, DEL MUNICIPIO DE PUEBLA, PUE.","DICOVIT, S.A. DE C.V.",CONVENIO ESTADO / RECURSOS PROPIOS,60379612.78,,20000000,78772059.01,0,78772059.01,71503808.42,7268250.59,0.9077306,,,75% MUNICIPIO / 25% ESTADO,1,SAN FRANCISCO TOTIMEHUACAN,
,2024,PAVIMENTACION,31039,,"CONSTRUCCI√ìN DE PAVIMENTO Y OBRAS COMPLEMENTARIAS EN AVENIDA 11 DE ENERO ENTRE CALLE MISAEL N√ö√ëEZ ACOSTA Y FIN DE CALLE, EN LA COLONIA BARRANCA HONDA, DE LA JUNTA AUXILIAR SAN PABLO XOCHIMEHUACAN DEL MUNICIPIO DE PUEBLA.  UBICACI√ìN AVENIDA 11 DE ENERO ENTRE CALLE MISAEL N√ö√ëEZ ACOSTA Y FIN DE CALLE, EN LA COLONIA BARRANCA HONDA, DE LA JUNTA AUXILIAR SAN PABLO XOCHIMEHUACAN DEL MUNICIPIO DE PUEBLA.","SOLUTINTEC, S.A. DE C.V.","FAISMUN 2024 /
FARISMUN 2024 (INTERESES)
RECURSOS PROPIOS",0,0,3272891.28,2749979.9,522911.38,3272891.28,3272891.28,0,1,1957,M2,MUNICIPIO,1,SAN PABLO XOCHIMEHUACAN,
,2024,PAVIMENTACION,31036,,"CONSTRUCCI√ìN DE PAVIMENTO Y OBRAS COMPLEMENTARIAS EN CALLE 2 SUR ENTRE CALLE MAXIMINO √ÅVILA CAMACHO Y CALLE 3 ORIENTE, EN LA COLONIA EL SALVADOR DEL MUNICIPIO DE PUEBLA. UBICACI√ìN CALLE 2 SUR ENTRE CALLE MAXIMINO √ÅVILA CAMACHO Y CALLE 3 ORIENTE, EN LA COLONIA EL SALVADOR DEL MUNICIPIO DE PUEBLA.","EDIFFICA BATLLO INMOBILIARIOS, S.A. DE C.V.",FAISMUN DF 2024,0,0,2982055.13,2635042.43,347012.7,2982055.13,2982055.13,0,1,1778,M2,MUNICIPIO,1,ZONA METROPOLITANA,
,2024,PAVIMENTACION,31037,,"CONSTRUCCI√ìN DE PAVIMENTO Y OBRAS COMPLEMENTARIAS EN CALLE 3 ENTRE CALLE JOS√â MART√ç Y CALLE CESAR VALLEJO, EN LA COLONIAS BALCONES DEL SUR Y FRATERNIDAD ANTORCHISTA, DE LA JUNTA AUXILIAR SAN FRANCISCO TOTIMEHUACAN DEL MUNICIPIO DE PUEBLA.  UBICACI√ìN CALLE 3 ENTRE CALLE JOS√â MART√ç Y CALLE CESAR VALLEJO, EN LA COLONIAS BALCONES DEL SUR Y FRATERNIDAD ANTORCHISTA, DE LA JUNTA AUXILIAR SAN FRANCISCO TOTIMEHUACAN DEL MUNICIPIO DE PUEBLA. ","ARKI JOMAN, S DE R.L. DE C.V.",FAISMUN DF 2024,0,0,5446952.18,5446952.18,0,5446952.18,5446952.18,0,1,2450,M2,MUNICIPIO,1,SAN FRANCISCO TOTIMEHUACAN,
,2024,PAVIMENTACION,31038,,"CONSTRUCCI√ìN DE PAVIMENTO Y OBRAS COMPLEMENTARIAS EN CALLE DURAZNO ENTRE CALLE LAURELES Y CALLE ROBLE, EN LA COLONIA BOSQUES DE AMALUCAN PRIMERA SECCI√ìN DEL MUNICIPIO DE PUEBLA.  UBICACI√ìN CALLE DURAZNO ENTRE CALLE LAURELES Y CALLE ROBLE, EN LA COLONIA BOSQUES DE AMALUCAN PRIMERA SECCI√ìN DEL MUNICIPIO DE PUEBLA.","GRUPO CONSTRUCTOR PROINCI, S.A. DE C.V.",FAISMUN DF 2024,0,0,2513381.29,2513381.29,0,2513381.29,2513381.29,0,1,1152,M2,MUNICIPIO,1,ZONA METROPOLITANA,
,2024,PAVIMENTACION,31040,,"CONSTRUCCI√ìN DE PAVIMENTO Y OBRAS COMPLEMENTARIAS EN CALLE ROBLE ENTRE CALLE COLORINES Y CALLE ALCANFORES, EN LA COLONIA VALLE PARA√çSO, DE LA JUNTA AUXILIAR SAN BALTAZAR CAMPECHE DEL MUNICIPIO DE PUEBLA.  UBICACI√ìN CALLE ROBLE ENTRE CALLE COLORINES Y CALLE ALCANFORES, EN LA COLONIA VALLE PARA√çSO, DE LA JUNTA AUXILIAR SAN BALTAZAR CAMPECHE DEL MUNICIPIO DE PUEBLA.","SOLUTINTEC, S.A. DE C.V.",FAISMUN DF 2024,0,0,7693807.82,7693807.82,0,7693807.82,7693807.82,0,1,4593,M2,MUNICIPIO,1,SAN BALTAZAR CAMPECHE,
,2024,PAVIMENTACION,31041,,"CONSTRUCCI√ìN DE PAVIMENTO Y OBRAS COMPLEMENTARIAS EN CALLE 110 PONIENTE ENTRE CALLE 15 NORTE Y FIN DE CALLE, EN LA COLONIA VENUSTIANO CARRANZA, DE LA JUNTA AUXILIAR SAN PABLO XOCHIMEHUACAN DEL MUNICIPIO DE PUEBLA.  UBICACI√ìN  CALLE 110 PONIENTE ENTRE CALLE 15 NORTE Y FIN DE CALLE, EN LA COLONIA VENUSTIANO CARRANZA, DE LA JUNTA AUXILIAR SAN PABLO XOCHIMEHUACAN DEL MUNICIPIO DE PUEBLA. ","ARKI JOMAN, S DE R.L. DE C.V.",FAISMUN DF 2024,0,0,4741133.09,4741133.09,0,4741133.09,4741133.09,0,1,3163,M2,MUNICIPIO,1,SAN PABLO XOCHIMEHUACAN,
,2024,ZONA INUNDABLE,31042,,"CONSTRUCCI√ìN DE COLECTOR PLUVIAL EN CALLE PINO ENTRE CALLE POL√çTICA MODERNA Y CALLE LIBERTAD, CALLE LIBERTAD ENTRE CALLE PINO Y CALLE RUB√ç, CALLE RUB√ç ENTRE CALLE LIBERTAD Y BARRANCA, EN LAS COLONIAS NUEVO PARA√çSO Y SOLIDARIDAD, DE LA JUNTA AUXILIAR SAN SEBASTI√ÅN DE APARICIO DEL MUNICIPIO DE PUEBLA.  UBICACI√ìN EN CALLE PINO ENTRE CALLE POL√çTICA MODERNA Y CALLE LIBERTAD, CALLE LIBERTAD ENTRE CALLE PINO Y CALLE RUB√ç, CALLE RUB√ç ENTRE CALLE LIBERTAD Y BARRANCA, EN LAS COLONIAS NUEVO PARA√çSO Y SOLIDARIDAD, DE LA JUNTA AUXILIAR SAN SEBASTI√ÅN DE APARICIO DEL MUNICIPIO DE PUEBLA. ","GRUPO ECOL√ìGICO INTERNACIONAL, S.A. DE C.V.",FAISMUN DF 2024,0,0,6493555.22,4831661.44,1661893.78,6493555.22,6493555.22,0,1,450,M,MUNICIPIO,1,SAN SEBASTIAN DE APARICIO,
,2024,ZONA INUNDABLE,31043,,"RED DE ALCANTARILLADO PLUVIAL EN LA COLONIA SANTA CRUZ LOS √ÅNGELES DEL MUNICIPIO DE PUEBLA UBICACI√ìN EN CALLE 35 SUR, ENTRE AVENIDA 29 PONIENTE Y AVENIDA MANUEL ESPINOSA YGLESIAS O CALLE 31 PONIENTE; EN AVENIDA MANUEL ESPINOSA YGLESIA O CALL31 PONIENTE ENTRE CALLE 35 SUR Y CALLE 33 SUR, EN LA COLONIA SANTA CRUZ LOS √ÅNGELES DEL MUNICIPIO DE PUEBLA.","GRUPO INMOBILIARIO SKARN, S.A. DE C.V.",FAISMUN DF 2024,0,0,4647976.59,4401184.25,246792.34,4647976.59,4647976.59,0,1,206,M,MUNICIPIO,1,ZONA METROPOLITANA,
,2024,PAVIMENTACION,31044,,"CONSTRUCCI√ìN DE PAVIMENTO Y OBRAS COMPLEMENTARIAS EN CALLE VENUSTIANO CARRANZA ENTRE CALLE BENITO JU√ÅREZ Y CALLE EMILIANO ZAPATA, EN LA COLONIA GUADALUPE HIDALGO, DE LA JUNTA AUXILIAR SAN FRANCISCO TOTIMEHUACAN DEL MUNICIPIO DE PUEBLA. UBICACI√ìN CALLE VENUSTIANO CARRANZA ENTRE CALLE BENITO JU√ÅREZ Y CALLE EMILIANO ZAPATA, EN LA COLONIA GUADALUPE HIDALGO, DE LA JUNTA AUXILIAR SAN FRANCISCO TOTIMEHUACAN DEL MUNICIPIO DE PUEBLA.","EDIFICACIONES ESPECIALES JAKME, S.A. DE C.V.",FAISMUN DF 2024,0,0,8254161.44,7550133.01,704028.43,8254161.44,8254161.44,0,1,4752,M2,MUNICIPIO,1,SAN FRANCISCO TOTIMEHUACAN,
,2025,BACHILLERATO T√âCNOLOGICO,31045,SI,"CONSTRUCCI√ìN Y OBRAS COMPLEMENTARIAS DEL BACHILLERATO TECNOL√ìGICO UBICADO EN CIUDAD UNIVERSITARIA 2 (ECO CAMPUS VALSEQUILLO), EN LA JUNTA AUXILIAR SAN PEDRO ZACACHIMALPA DEL MUNICIPIO DE PUEBLA","MUT INFRAESTRUCTURA, S.A. DE C.V. ",FAISMUN DF 2025,0,0,54000000,53996872.83,0,53996872.83,53030825.46,966047.37,0.982109198,,,MUNICIPIO,0.7515,SAN PEDRO ZACACHIMALPA,
,2025,HIDRSANITARIA,31046,NO,DEZASOLVE DE BARRANCAS Y RIOS DEL MUNICIPIO DE PUEBLA ,JOMA Y ASOCIADOS S.A. DE C.V.,FAISMUN DF 2025,0,0,29998271.7,29808951.84,5248272.92,35057224.76,35057224.76,0,1,,,MUNICIPIO,1,SAN PEDRO ZACACHIMALPA,
,2025,HIDRSANITARIA,31047,SI,"CONSTRUCCI√ìN DE MURO DE CONTENCI√ìN EN CALLE ALBERT EINSTEIN, AL MARGEN DEL RIO ALSESECA, ENTRE CALLE MORELOS Y CALLE HERACLITO, EN LA COLONIA SAN LUIS GONZAGA, DEL MUNICIPIO DE PUEBLA ",MICHIGAN CONSTRUCCIONES S.A. DE C.V.,FAISMUN DF 2025,0,0,3103652.29,3079978.64,1221009.96,4300988.6,4269150.71,31837.89,0.992597541,},,MUNICIPIO,1,ZONA METROPOLITANA,
,2025,REHABILITACION VIAL,31048,SI,"MANTENIMIENTO VIAL Y OBRAS COMPLEMENTARIAS EN AVENIDA 11 ORIENTE ENTRE BOULEVARD H√âROES DEL 5 DE MAYO Y AVENIDA 26 SUR, EN LAS COLONIAS RANCHO AZCARATE, MOTOLIN√çA, EL √ÅNGEL Y BARRIO DE ANALCO, DEL MUNICIPIO DE PUEBLA. ","RAMIREZ & GARC√çA CONSTRUCTORA, S.A. DE C.V.",FAISMUN DF 2025,0,0,28656206.38,28368940.89,3996956.87,32365897.76,25718623.74,6647274.02,0.794621052,19823,M2,MUNICIPIO,0.95,ZONA METROPOLITANA,
,2025,PAVIMENTACION,31049,SI,"PAVIMENTACI√ìN Y OBRAS COMPLEMENTARIAS EN CALLE ART√çCULO 9 ENTRE AVENIDA CONSTITUYENTES Y CALLE ART√çCULO 1; CALLE ART√çCULO 1 ENTRE ART√çCULO 9 Y CAMINO VIEJO A BALCONES, EN LAS COLONIAS CONSTITUCI√ìN MEXICANA Y AMPLIACION CONSTITUCI√ìN MEXICANA, DE LA JUNTA AUXILIAR SAN FRANCISCO TOTIMEHUACAN DEL MUNICIPIO DE PUEBLA","CONSTRUCTORA DREAMVIOR, S.A. DE C.V.",FAISMUN DF 2025,0,0,7565039.57,7553941.02,0,7553941.02,6676658.33,877282.69,0.883864239,5126.85,M2,MUNICIPIO,1,SAN FRANCISCO TOTIMEHUACAN,
,2025,REHABILITACION VIAL,31050,SI,"MANTENIMIENTO VIAL Y OBRAS COMPLEMENTARIAS EN CALLE 30 NORTE ENTRE CALLE 32 NORTE Y AVENIDA 12 ORIENTE,EN LAS COLONIAS XONACA,AZTECA,VISTA HERMOSA,MIGUEL ALEM√ÅN,HUMBOLDT NORTE,RESURGIMIENTO NORTE, DEL MUNICIPIO DE PUEBLA","ARQUITECTONI-K INMOBILIARIA, S.A. DE C.V.",FAISMUN DF 2025,0,0,19346319.8,19246776.25,1589155.95,20835932.2,17399842.07,3436090.13,0.835088246,11925,M2,MUNICIPIO,0.2,ZONA METROPOLITANA,
,2025,REHABILITACION VIAL,31051,SI,"MANTENIMIENTO VIAL Y OBRAS COMPLEMENTARIAS EN CALLE 5 SUR ENTRE CALLE AVENIDA 105 PONIENTE Y AVENIDA 113 PONIENTE;AVENIDA 3 SUR Y CALLE 7 SUR;CIRCUITO CENTRAL LOMA BELLA, EN LA COLONIA INFONAVIT LOMA BELLA, DE LA JUNTA AUXILIAR SAN BALTAZAR CAMPECHE,DEL MUNICIPIO DE PUEBLA. ","CONSTRUCCIONES Y OPERACIONES DEL CARIBE GRACSA, S.A, DE C.V. ",FAISMUN DF 2025,0,0,25698047.95,25428636.89,0,25428636.89,22787366.06,2641270.83,0.896130066,19975.3,M2,MUNICIPIO,1,SAN BALTAZAR CAMPECHE,
,2025,PAVIMENTACION,31053,SI,"PAVIMENTACI√ìN Y OBRAS COMPLEMENTARIAS EN PRIVADA E DE LA 16 DE SEPTIEMBRE ENTRE CALLE SAN ALFONSO Y PRIVADA INDEPENDENCIA, EN LA COLONIA GUADALUPE HIDALGO 2DA SECCI√ìN, DE LA JUNTA AUXILIAR DE SAN FRANCISCO TOTIMEHUACAN,DEL MUNICIPIO DE PUEBLA ","CONSTRUCTORA Y PROMOTORA ARANTE, S.A DE C.V ",FAISMUN DF 2025,0,0,6800020.87,6698665.02,0,6698665.02,6421623.27,277041.75,0.958642245,3645,M2,MUNICIPIO,1,SAN FRANCISCO TOTIMEHUACAN,
,2025,REHABILITACION VIAL,31054,SI,"MANTENIMIENTO VIAL Y OBRAS COMPLEMENTARIAS EN CALLE AN√ÅHUAC Y CALLE CAMINO NACIONAL,DE LA JUNTA AUXILIAR IGNACIO ROMERO VARGAS, DEL MUNICIPIO DE PUEBLA","PROMOTORA Y CONSTRUCTORA FRAXA, S.A DE C.V ",FAISMUN DF 2025,0,0,21741406.63,21734712.75,813247.8,22547960.55,16450250.47,6097710.08,0.729567112,11518,M2,MUNICIPIO,0.3955,IGNACIO ROMERO VARGAS,
,2025,HIDRSANITARIA,31055,NO,"CONSTRUCCI√ìN DE COLECTOR PLUVIAL EJERCITO DE ORIENTE TRAMO CALLE 5 DE FEBRERO ENTRE CALLE VENUSTIANO CARRANZA Y BARRANCA SAN DIEGO, EN LA COLONIA ALAMOS VISTA HERMOSA, DEL MUNICIPIO ","CONTRATISTAS CIVILES COLZA, S.A DE C.V ",FAISMUN DF 2025,0,0,42285962.22,42074202.52,0,42074202.52,39587616.54,2486585.98,0.940899985,,,MUNICIPIO,0.843,ZONA METROPOLITANA,
,2025,MEJORAMIENTO A LA VIVIENDA,31056,NO,EQUIPAMIENTO Y OBRAS COMPLEMENTARIAS PARA LA IMPLEMENTACI√ìN DE CALENTADORES SOLARES EN DIFERENTES VIVIENDAS UBICADAS EN ZONAS DE ATENCI√ìN PRIORITARIA DEL MUNICIPIO DE PUEBLA,"GRUPO CORPBO, S.A. DE C.V.",FAISMUN DF 2025,0,0,35903786.59,35637851.85,0,35637851.85,20691852.97,14945998.88,0.580614484,,,MUNICIPIO,0.4075,SAN FRANCISCO TOTIMEHUACAN,
,2025,REHABILITACION VIAL,31060,SI,"MANTENIMIENTO VIAL Y OBRAS COMPLEMENTARIAS EN CALLE 33 PONIENTE ENTRE CALLE 27 SUR Y CALLE 21 SUR; CALLE 21 SUR ENTRE CALLE 33 PONIENTE Y CALLE 19 SUR; CALLE 35 PONIENTE ENTRE CALLE 19 SUR Y AVENIDA 11 SUR, EN LAS COLONIAS LA NORIA, BENITO JU√ÅREZ, INFONAVIT 12 DE MAYO DE 1918, LOS VOLCANES Y GUSTAVO D√çAZ ORDAZ DE LA JUNTA AUXILIAR SAN BALTAZAR CAMPECHE CEL MUNICIPIO DE PUEBLA","CUAR CONSTRUCTORES ASOCIADOS, S.A. DE C.V",FAISMUN DF 2025,0,0,23914114.28,23681231.75,5240075.24,28921306.99,17575415.53,11345891.46,0.607697831,21170.35,M2,MUNICIPIO,0.141,ZONA METROPOLITANA,
,2025,HIDRSANITARIA,31062,NO,"REHABILITACI√ìN DE ALCANTARILLADO SANITARIO EN CALLE ROMERO VARGAS ENTRE PRIVADA FELIPE BERRIOZABAL Y CALLE ROMERO RUBIO, PRIVADA FELIPE BERRIOZ√ÅBAL ENTRE CALLE ROMERO VARGAS Y CALLE JU√ÅN TAMBORIEL, DE LA JUNTA AUXILIAR SAN JER√ìNIMO CALERAS, DEL MUNICIPIO DE PUEBLA ","VALUACI√ìN PROYECTOS Y CONSTRUCCIONES, S.A. DE C.V",FAISMUN DF 2025,0,0,1441539.22,1441539.22,0,1441539.22,427171.49,1014367.73,0.29633012,,,MUNICIPIO,0,SAN JERONIMO CALERAS,
,2025,PAVIMENTACION,31063,NO,"PAVIMENTACI√ìN Y OBRAS COMPLEMENTARIAS EN CALLE 3 DE MAYO, ENTRE CALLE NI√ëOS H√âROES Y CALLE BELLAS ARTES, EN LA COLONIA GUADALUPE EJIDO ROMERO VARGA, DE LA JUNTA AUXILIAR IGNACIO ROMERO VARGAS, DEL MUNICIPIO DE PUEBLA. ","CONSTRUCTORA INDARCO MAZARO, S.A. DE C.V.",FAISMUN DF 2025 (INTERESES) ,0,0,1022817.69,1010521.51,,1010521.51,303156.45,707365.06,0.299999997,548.24,M2,FAISMUN 2025,,IGNACIO ROMERO VARGAS,
,2025,PAVIMENTACION,31061,SI,"PAVIMENTACI√ìN Y OBRAS COMPLEMENTARIAS EN CALLE 20 DE NOVIEMBRE ENTRE CALLE 3 NORTE Y FIN DE CALLE, EN LA COLONIA SAN JOS√â LOS CERRITOS, DE LA JUNTA AUXILIAR SAN PABLO XOCHIMEHUACAN, DEL MUNICIPIO DE PUEBLA ","INMOBILIARIA CASTITAS, S.A. DE C.V",FAISMUN DF 2025 FAISMUN DF 2025 (INTERESES) ,0,0,3334706.82,3301235.64,0,3301235.64,3157294.56,143941.08,0.956397817,1911.76,M2,MUNICIPIO,0.94,SAN PABLO XOCHIMEHUACAN,
,2025,MEDIO AMBIENTE,40504,NO,"CONSTRUCCI√ìN DE SISTEMAS DE CAPTACI√ìN DE AGUA DE LLUVIA EN INFRAESTRUCTURA EDUCATIVA P√öBLICA, UBICADAS EN ZONAS DE ATENCI√ìN PRIORITARIA Y EN EL MERCADO MUNICIPAL 5 DE MAYO, LOCALIZADO EN LA CALLE 18 PONIENTE NO.309, COLONIA CENTRO HIST√ìRICO, EN EL MUNICIPIO DE PUEBLA","REMA SOLUTIONS, S.A DE C.V","FAISMUN DF 2025
RECURSOS PROPIOS 
PARTICIPACIONES FEDERALES 2025",0,0,12051722.34,11950707.1,0,11950707.1,11154641.7,796065.4,0.93338759,,,MUNICIPIO,0.92,SAN PABLO XOCHIMEHUACAN,
,2025,"PUENTE VEHICULAR ""LA PANGA"" (TRANSFERENCIA DE RECURSOS)",250107,SI,"CONSTRUCCI√ìN DEL PUENTE VEHICULAR ""LA PANGA"", EN LAS LOCALIDADES SAN BALTAZAR TETELA Y LOS
√ÅNGELES TETELA, EN EL MUNICIPIO DE PUEBLA, ESTADO DE PUEBLA",GOBIERNO DEL ESTADO DE PUEBLA,FAISMUN DF 2025/PARTICIPACIONES FEDERALES 2025,,,154350064.8,154350064.8,,154350064.8,154350064.8,0,1,,,50%ESTADO/50% MUNICIPIO,1,SAN BALTAZAR TETELA,
,2025,HIDRSANITARIA,50343,SI,"CONSTRUCCI√ìN DE COLECTOR PLUVIAL EN EL CENTRO MUNICIPAL DE EQUINOTERAPIA Y REHABILITACI√ìN INTEGRAL (CMERI), UBICADO EN PROLONGACI√ìN 11 SUR S/N INFONAVIT AGUA SANTA, DE LA JUNTA AUXILIAR SAN BALTAZAR CAMPECHE, DEL MUNICIPIO DE PUEBLA ","CORPORATIVO CONSTRUCTOR CUROSA,S.A. DE C.V. ",FORTAMUN DF 2025,0,0,3515777.91,3481187.63,0,3481187.63,2500186.82,981000.81,0.718199386,,,MUNICIPIO,1,SAN BALTAZAR CAMPECHE,
,2025,MOVILIDAD URBANA,50344,SI,"RECONSTRUCCI√ìN DE CRUCE PEATONAL A NIVEL DE BANQUETA EN 31 PONIENTE, UBICADO EN 31 PONIENTE Y CALLE 13 SUR COLONIA LOS VOLCANES, CONSTRUCCI√ìN DE REDUCTOR DE VELOCIDAD, UBICADO EN CALLE 15 DE MAYO ENTRE CALLE NOGAL Y CALLE ENRIQUE VILLAR DE LA COLONIA AHOGADA Y FRACCIONAMIENTO LOS CIPRESES DEL MUNICIPIO DE PUEBLA","CONSTRUCCIONES MADAXI, S.A DE C.V ",FORTAMUN DF 2025,0,0,1005143.93,995633.78,-84288.79,911344.99,911344.99,0,1,,,MUNICIPIO,1,ZONA METROPOLITANA,
,2025,PAVIMENTACION,50346,SI,"PAVIMENTACI√ìN Y OBRAS COMPLEMENTARIAS EN CALLE 17 B O CALLE SAUCE ENTRE AVENIDA APULCO E INICIO DE PUENTE, EN LAS COLONIAS BOSQUES DE AMALUCAN Y LA AZTECA, DEL MUNICIPIO DE PUEBLA ","CONSTRUCTORA GAYPE, S.A. DE C.V.",FORTAMUN DF 2025,0,0,4007302.84,3983992.48,0,3983992.48,3750596.27,233396.21,0.941416503,2068,M2,MUNICIPIO,0.89,ZONA METROPOLITANA,
,2025,REHABILITACION VIAL,50347,SI,"MANTENIMIENTO VIAL Y OBRAS COMPLEMENTARIAS EN CALLE VENUS ENTRE CALLE LAGO HURON Y CALLE NEPTUNO, EN LA COLONIA FOVISSTE SAN ROQUE Y RINC√ìN ARBOLEDAS, DE LA JUNTA AUXILIAR SAN BALTAZAR CAMPECHE, DEL MUNICIPIO DE PUEBLA","BERESMO CONSTRUCTORA Y URBANIZADORA, S.A DE C.V ",FORTAMUN DF 2025,0,0,9011772.85,8909888.17,0,8909888.17,8387210.27,522677.9,0.941337322,6700,M2,MUNICIPIO,1,SAN BALTAZAR CAMPECHE,
,2025,REHABILITACION VIAL,50348,SI,"MANTENIMIENTO VIAL Y OBRAS COMPLEMENTARIAS EN CALLE MANUEL ALONSO ENTRE CALLE SAUCE Y CAPUL√çN; PAVIMENTACI√ìN Y OBRAS COMPLEMENTARIAS EN CALLE SAN ALFONSO ENTRE CALLE LAURELES Y CALLE CAPUL√çN, EN LA COLONIA SANTA MARGARITA, DEL MUNICIPIO DE PUEBLA.","EDIFFICA BATLLO INMOBILIARIOS, S.A DE C.V ",FORTAMUN DF 2025,0,0,19127172.72,18909828.82,0,18909828.82,11527742.16,7382086.66,0.609616421,13586,M2,MUNICIPIO,0.4,ZONA METROPOLITANA,
,2025,HIDRSANITARIA,50349,NO,"REHABILITACI√ìN EMERGENTE DE INFRAESTRUCTURA HIDROSANITARIA, EN DIVERSAS CALLES DE COLONIAS Y JUNTAS AUXILIARES DEL MUNICIPIO DE PUEBLA. ","BEREDA CAMINOS OBRA CIVIL Y REMODELACIONES, S DE R.L. DE C.V.",FORTAMUN DF 2025,0,0,999222.11,997358.38,3700568.45,4697926.83,4095835.8,602091.03,0.871838994,,,MUNICIPIO,0.84,"Bacheos,rehabilitacion o supervision a lo largo de las 18 juntas auxiliares.",25
,2025,PAVIMENTACION,40503,SI,"PAVIMENTACI√ìN Y OBRAS COMPLEMENTARIAS EN CALLE PALMAS ENTRE CALLE RIVERA DEL ATOYAC SUR Y FIN DE CALLE, EN LA COLONIA SANTA CRUZ BUENAVISTA,DE LA JUNTA AUXILIAR IGNACIO ROMERO VARGAS, DEL MUNICIPIO DE PUEBLA","RETZA ESTUDIOS, S.A DE C.V ","FORTAMUN DF 2025
PARTICIPACIONES FEDERALES 2025",0,0,2090634.27,2089373.3,0,2089373.3,1887536.73,201836.57,0.903398512,5283.25,M2,MUNICIPIO,1,IGNACIO ROMERO VARGAS,
,2025,PAVIMENTACION,50345,SI,"PAVIMENTACI√ìN Y OBRAS COMPLEMENTARIAS EN CALLE PALMAS ENTRE AVENIDA RAFAEL √ÅVILA CAMACHO Y CALLE RIVERA DEL ATOYAC SUR, EN LA COLONIA SANTA CRUZ BUENA VISTA, DE LA JUNTA AUXILIAR IGNACIO ROMERO VARGAS, DEL MUNICIPIO DE PUEBLA","CONSTRUCTORA DAVENTY, S. DE R.L. DE C.V",FORTAMUNDF 2025,0,0,5097941.9,5072956.57,0,5072956.57,4537118.85,535837.72,0.894373683,0,M2,MUNICIPIO,1,IGNACIO ROMERO VARGAS,
,2025,BACHEO,26378,SI,"BACHEO CON MEZCLA ASF√ÅLTICA EN CALIENTE 2025-1, EN VIALIDADES DE LAS 17 JUNTAS AUXILIARES Y CABECERA MUNICIPAL DEL MUNICIPIO DE PUEBLA ","DH ESCAMELA,S.A. DE C.V.",PARTICIPACIONES FEDERALES,0,0,49999988.4,49499951.26,0,49499951.26,49499951.26,0,1,,,MUNICIPIO,1,"Bacheos,rehabilitacion o supervision a lo largo de las 18 juntas auxiliares.", 
,2025,CENTRO HIST√ìRICO,26379,SI,"MANTENIMIENTO INTEGRAL 2025-1 A LOS SERVICIOS DE INFRAESTRUCTURA, ESPACIOS P√öBLICOS, VIALIDADES E INMUEBLES HIST√ìRICOS, DE LA ZONA DE MONUMENTOS DEL MUNICIPIO DE PUEBLA","INFRAESTRUCTURA Y CONSTRUCCIONES DE PUEBLA, S.A DE C.V ",PARTICIPACIONES FEDERALES 2025,0,0,4999685.57,4943024.32,1730058.51,6673082.83,1792564.47,4880518.36,0.268626138,,,MUNICIPIO,0.8045,ZONA METROPOLITANA,
,2025,MEJORAMIENTO A LA VIVIENDA,26385,NO,"SUPERVISI√ìN EXTERNA DEL EQUIPAMIENTO Y OBRAS COMPLEMENTARIAS PARA LA IMPLEMENTACI√ìN DE: SISTEMA DE CALENTADOR SOLAR, SISTEMA DE ALMACENAMIENTO DE AGUA MEDIANTE TINACOS, SISTEMA DE CAPTACI√ìN PLUVIAL Y DE ELECTRIFICACI√ìN NO CONVENCIONAL CON PANEL SOLAR, EN DIFERENTES VIVIENDAS UBICADAS EN ZONAS DE ATENCI√ìN PRIORITARIA DEL MUNICIPIO DE PUEBLA",LOZADA Y RODR√çGUEZ COMPA√ë√çA INGENIER√çA GEOT√âCNICA S. DE  R.L. DE C.V.,PARTICIPACIONES FEDERALES 2025,0,0,1282820.8,1282240,0,1282240,384672,897568,0.3,,,MUNICIPIO,0.28,"Bacheos,rehabilitacion o supervision a lo largo de las 18 juntas auxiliares.",
,2025,CENTRO HIST√ìRICO,26386,NO,"INTERVENCI√ìN Y MANTENIMIENTO DEL TEMPLO DE SANTA IN√âS DEL MONTEPULCIANO; UBICADO EN CALLE 3 SUR NO. 903 CENTRO HIST√ìRICO DE PUEBLA,PUEBLA;2a ETAPA. ","CORPORATIVO CONSTRUCTOR CUROSA, S.A. DE C.V",PARTICIPACIONES FEDERALES 2025,0,0,1500000,1498894.06,0,1498894.06,449668.22,1049225.84,0.300000001,,,MUNICIPIO,0.0742,ZONA METROPOLITANA,
,2025,MERCADOS,26387,NO,"REHABILITACI√ìN DE TECHUMBRE EN √ÅREA DE FLORES Y VARIOS DEL MERCADO INDEPENCIA UBICADO EN 95 PONIENTE O 2DA PRIVADA DE CASTILLOTLA ENTRE 11 SUR Y 13 SUR, COLONIA LOS PINOS MAYORAZGO, JUNTA AUXILIAR SAN BALTAZAR CAMPECHE, MUNICIPIO DE PUEBLA.","CONEKTA CONSTRUCCI√ìN Y ENLACES, S.A.P.I. DE C.V",PARTICIPACIONES FEDERALES 2025,0,0,1894404.56,1890975.1,0,1890975.1,1616991.37,273983.73,0.855109816,,,MUNICIPIO,0.6,SAN BALTAZAR CAMPECHE,
,2025,SERVICIOS RELACIONADOS,26390,NO," ESTUDIO DE GEOTECNIA, EVALUACI√ìN DE PAVIMENTO
Y ESTUDIOS TOPOGR√ÅFICOS PARA DIFERENTES VIALIDADES DEL MUNICIPIO DE PUEBLA, 2025.","LABORATORIO DE CONTROL DE CALIDAD Y SUPERVISI√ìN, S.A. DE C.V",PARTICIPACIONES FEDERALES 2025,0,0,1499516.69,1483372.86,0,1483372.86,1476339.63,7033.23,0.995258623,,,MUNICIPIO,0.6322,"Bacheos,rehabilitacion o supervision a lo largo de las 18 juntas auxiliares.",
,2025,REHABILITACION VIAL,26392,NO,"REHABILITACI√ìN VIAL CON CONCRETO ASFALTICO Y OBRAS COMPLEMENTARIAS DEL CAMINO VIEJO A BALCONES ENTRE AVENIDA MARIO BENEDETTI Y CALLE SANTA LEONOR O CALLE 4TA. PRIVADA DE LA CONCEPCI√ìN, AVENIDA MIGUEL DE LA MADRID HURTADO ENTRE CALLE SANTA LEONOR O CALLE 5TA. PRIVADA DE LA CONCEPCI√ìN Y PROLONGACI√ìN DE LA 16 DE SEPTIEMBRE DE LAS COLONIAS CONSTITUCI√ìN MEXICANA, SANTA LUCIA, LA CONCEPCI√ìN SUR, S.N.T.E., SAN ALFONSO, GUADALUPE HIDALGO 2DA. SECCI√ìN, DE LA JUNTA AUXILIAR SAN FRANCISCO TOTIMEHUACAN DEL MUNICIPIO DE PUEBLA ","ZDANIYA, S.A. DE C.V",PARTICIPACIONES FEDERALES 2025,0,0,56989309.76,56745533.64,18612964.92,75358498.56,17023660.09,58334838.47,0.225902326,31386,M2,MUNICIPIO,0,SAN FRANCISCO TOTIMEHUACAN,
1,2024,BACHEO,26376,,"BACHEO CON MEZCLA ASF√ÅLTICA EN CALIENTE 2, 2024, UBICADO EN DIFERENTES CALLES DE LOS  CUATRO CUADRANTES DEL MUNICIPIO DE PUEBLA  UBICACI√ìN DIFERENTES CALLES DE LOS CUATRO CUADRANTES  DEL MUNICIPIO DE PUEBLA,",CONSTRUCTORA OSAKE S.A. DE  C.V. ,RECURSOS PROPIOS,0,0,5604988.18,5604988.18,0,5604988.18,5604988.18,0,1,,,MUNICIPIO,1,"Bacheos,rehabilitacion o supervision a lo largo de las 18 juntas auxiliares.",
2,2025,DIF MUNICIPAL,26377,SI,"MODERNIZACI√ìN Y MANTENIMIENTO DE LA UNIDAD M√âDICA INTEGRAL DEL SISTEMA MUNICIPAL DIF PUEBLA, UBICADO EN AVENIDA CUE MERLO 201, COLONIA SAN BALTAZAR CAMPECHE Y REHABILITACIPON DE MURO AL INTERIO DEL CENTRO DCAPACITACI√ìN YDESARROLLO MUNICIPAL (CECADE)","INMOBILIARIA CASTITAS, S.A. DE C.V.",RECURSOS PROPIOS,0,0,961224.08,938653.92,0,938653.92,938653.92,0,1,,,MUNICIPIO,1,SAN BALTAZAR CAMPECHE,
3,2025,BACHEO,26380,SI,"BACHEO CON MEZCLA ASF√ÅLTICA EN FR√çO 2025-1, EN VIALIDADES DE LAS 17 JUNTAS AUXILIARES Y LA CABECERA MUNICIPAL, DEL MUNICIPIO DE PUEBLA ","GREEN PATCHER M√âXICO, S. DE R.L. DE C.V.",RECURSOS PROPIOS ,0,0,9999048.33,9936334.01,0,9936334.01,9243377.22,692956.79,0.930260316,,,MUNICIPIO,1,"Bacheos,rehabilitacion o supervision a lo largo de las 18 juntas auxiliares.",
4,2025,BACHEO,26381,SI," BACHEO CON MEZCLA ASF√ÅLTICA EN CALIENTE 2025-2, EN VIALIDADES DE LAS 17 JUNTAS AUXILIARES Y LA CABECERA
MUNICIPAL DEL MUNICIPIO DE PUEBLA.","GRUPO ME CONSTRUYO M√âXICO, S. DE R.L. DE C.V. ",RECURSOS PROPIOS ,0,0,9999149.56,9899148.28,0,9899148.28,9899148.28,0,1,,,MUNICIPIO,1,"Bacheos,rehabilitacion o supervision a lo largo de las 18 juntas auxiliares.",
5,2025,MERCADOS,26382,SI,"CONSTRUCCI√ìN DE BARDA PERIMETRAL EN CENTRAL DE ABASTOS SOBRE LA CALLE INTERIOR NORTE C. ENTRE CALZADA DEL CONDE Y V√çA CORTA A SANTA ANA, EN LA COLONIA CENTRAL DE ABASTOS, DE LA JUNTA AUXILIAR DE SAN PABLO XOCHIMEHUACAN, DEL MUNICIPIO DE PUEBLA","CONEKTA CONSTRUCCI√ìN Y ENLACES,S.A.P.I. DE C.V. ",RECURSOS PROPIOS ,0,0,9281336.64,9188452.25,0,9188452.25,5822954.7,3365497.55,0.633725304,,,MUNICIPIO,0.745,SAN PABLO XOCHIMEHUACAN,
6,2025,HIDRSANITARIA,26383,NO,"EQUIPAMIENTO DE POZO PROFUNDO PARA AGUA POTABLE DENOMINADO EL CARRIL, UBICADO EN CALLE 16 DE SEPTIEMBRE S/N, COLONIA SANTA CATARINA, DE LA JUNTA AUXILIAR SANTO TOM√ÅS CHAUTLA, DEL MUNICIPIO DE PUEBLA","ELEMET CONSTRUCCIONES, S. DE R. L. DE C.V. ",RECURSOS PROPIOS ,0,0,1190433.55,1175652.91,0,1175652.91,1170078.69,5574.22,0.995258618,,,MUNICIPIO,1,SAN FRANCISCO TOTIMEHUACAN,
7,2025,BACHEO,26384,SI,"BACHEO CON MEZCLA ASF√ÅLTICA EN CALIENTE 2025-3, EN VIALIDADES DE LAS 17 JUNTAS AUXILIARES Y LA CABECERA MUNICIPAL DEL MUNICIPIO DE PUEBLA","CONSTRUCTORA OSAKE, S.A DE C.V ",RECURSOS PROPIOS ,0,0,29999412.77,29694127.28,0,29694127.28,29694127.28,0,1,,,MUNICIPIO,1,"Bacheos,rehabilitacion o supervision a lo largo de las 18 juntas auxiliares.",
8,2025,MOVILIDAD URBANA,26388,NO,CONSTRUCCI√ìN DE PLATAFORMAS EN PARADAS DE TRANSPORTE P√öBLICO EN DIVERSOS PUNTOS DEL MUNICIPIO DE PUEBLA,"BEZAFYRO CONSTRUCCIONES, S.A. DE C.V",RECURSOS PROPIOS ,0,0,679774.79,668293.2,0,668293.2,200487.96,467805.24,0.3,,,MUNICIPIO,0.5657,SAN BALTAZAR CAMPECHE,
9,2025,DIF MUNICIPAL,26389,NO,"CONSTRUCCI√ìN DE ESPACIOS ALIMENTARIOS (DESAYUNADORES) PARA EL FORTALECIMIENTO DEL PROGRAMA DE ALIMENTACI√ìN ESCOLAR EN LA MODALIDAD CALIENTE, EN DIVERSAS ESCUELAS P√öBLICAS DE NIVEL B√ÅSICO, EN EL MUNICIPIO DE PUEBLA. ",JORGE VICTOR R√çOS PERALTA,RECURSOS PROPIOS ,0,0,9987263.63,9887586.49,0,9887586.49,4039822.32,5847764.17,0.408575169,,,MUNICIPIO,0.1701,"Bacheos,rehabilitacion o supervision a lo largo de las 18 juntas auxiliares.",
10,2025,BACHEO,26391,SI,"BACHEO CON MEZCLA ASF√ÅLTICA EN CALIENTE 2025-4, EN VIALIDADES DE LAS 17 JUNTAS AUXILIARES Y LA CABECERA MUNICIPAL DDEL MUNICIPIO DE PUEBLA ","PROYECTOS Y SOLUCIONES EDIFICARE, S. DE R.L. DE C.V.",RECURSOS PROPIOS ,0,0,29999412.77,29699389.35,0,29699389.35,14315465,15383924.35,0.482012099,,,MUNICIPIO,0.6475,"Bacheos,rehabilitacion o supervision a lo largo de las 18 juntas auxiliares.",
11,2025,CENTRO DE ATENCI√ìN MUNICIPAL,26393,NO,"REMODELACI√ìN Y ADECUACI√ìN EN EL EDIFICIO DEL CAM (CENTRO DE ATENCI√ìN MUNICIPAL), UBICADO EN AVENIDA 4 PONIENTE ESQUINA CON 11 NORTE, EN LA COLONIA CENTRO DEL MUNICIPIO DE PUEBLA","ELEMET CONSTRUCCIONES, S. DE R.L. DE C.V.",RECURSOS PROPIOS ,0,0,4299077.6,4285847.7,0,4285847.7,1285754.31,3000093.39,0.3,,,MUNICIPIO,0,ZONA METROPOLITANA,
,2025,ZONA MILITAR,26394,NO,"REHABILITACI√ìN DE ACCESOS Y ELEMENTOS DE
MOVILIDAD E INFRAESTRUCTURA URBANA EN LA 25 ZONA MILITAR, UBICADO EN AVENIDA LIBERTAD S/N DE LA
JUNTA AUXILIAR IGNACIO ZARAGOZA DEL MUNICIPIO DE PUEBLA."," HOVAL ADVANCE ASFALTOS Y EMULSIONES, S.A. DE C.V",RECURSOS PROPIOS ,0,0,1289890.41,1275411.82,0,1275411.82,0,1275411.82,0,,,MUNICIPIO,,IGNACIO ZARAGOZA,
,2025,PUENTE VEHICULAR,26395,NO,"PROYECTO INTEGRAL A PRECIO ALZADO PARA LA
REHABILITACI√ìN EMERGENTE DEL PUENTE VEHICULAR EN LA CALLE 5 DE MAYO ENTRE CALLE 6 DE ABRIL Y CALLE
""A"" EN LAS COLONIAS SAN JOS√â LOS CERRITOS Y PARQUE INDUSTRIAL 5 DE MAYO DE LA JUNTA AUXILIAR DE SAN
PABLO –•–û–°–ù–Ü–úEHUACAN EN EL MUNICIPIO DE PUEBLA.","ADET CONSTRUCCIPON INMOBILIARIA, S.A. DE C.V. ",RECURSOS PROPIOS ,0,0,6699999.99,6626461.86,0,6626461.86,0,6626461.86,0,,,MUNICIPIO,,SAN XOCHIMEHUACAN,
,2025,CENTRO HIST√ìRICO,40505,NO,"MEJORAMIENTO A LA IMAGEN URBANA, BARRIO DE EL ALTO Y MANTENIMIENTO AL TEMPLO DE BALVANERA MAR√çA AUXILIADORA, DEL MUNICIPIO DE PUEBLA. ","CONSTRUCCI√ìN Y MATERIALES JABETZA 21, S.A. DE C.V",RECURSOS PROPIOS - RECURSOS FEDERALES,0,813700,1500000.74,2311868.34,0,2311868.34,1730759.13,581109.21,0.748640872,,,MUNICIPIO / FEDERAL,0.55,ZONA METROPOLITANA,
,2024,22 TECHADOS ESCOLARES,40496,,"CONSTRUCCI√ìN DE TECHADOS EN ESCUELAS P√öBLICAS DE EDUCACI√ìN B√ÅSICA, TECHADO DE 20 X 30 METROS EN XONA E√ìLICA TIPO 2, EN LA LOCALIDAD HEROICA PUEBLA DE ZARAGOZA, EN EL MUNICIPIO DE PUEBLA, EN EL ESTADO DE PUEBLA.","GRUPO BAND Y JLB DE PUEBLA, S.A. DE C.V. ",CONVENIO ESTADO / FAISMUNDF 2024,12404044.36,,12404044.37,24559296.03,0,4093216.005,24559296.03,0,1,13200,M2,50% MUNICIPIO / 50% ESTADO,1,SAN SEBASTIAN DE APARICIO,2
,2024,22 TECHADOS ESCOLARES,40496,,"CONSTRUCCI√ìN DE TECHADOS EN ESCUELAS P√öBLICAS DE EDUCACI√ìN B√ÅSICA, TECHADO DE 20 X 30 METROS EN XONA E√ìLICA TIPO 2, EN LA LOCALIDAD HEROICA PUEBLA DE ZARAGOZA, EN EL MUNICIPIO DE PUEBLA, EN EL ESTADO DE PUEBLA.","GRUPO BAND Y JLB DE PUEBLA, S.A. DE C.V. ",CONVENIO ESTADO / FAISMUNDF 2024,12404044.36,,12404044.37,24559296.03,0,4093216.005,24559296.03,0,1,13200,M2,50% MUNICIPIO / 50% ESTADO,1,SAN JERONIMO CALERAS,3
,2024,22 TECHADOS ESCOLARES,40496,,"CONSTRUCCI√ìN DE TECHADOS EN ESCUELAS P√öBLICAS DE EDUCACI√ìN B√ÅSICA, TECHADO DE 20 X 30 METROS EN XONA E√ìLICA TIPO 2, EN LA LOCALIDAD HEROICA PUEBLA DE ZARAGOZA, EN EL MUNICIPIO DE PUEBLA, EN EL ESTADO DE PUEBLA.","GRUPO BAND Y JLB DE PUEBLA, S.A. DE C.V. ",CONVENIO ESTADO / FAISMUNDF 2024,12404044.36,,12404044.37,24559296.03,0,4093216.005,24559296.03,0,1,13200,M2,50% MUNICIPIO / 50% ESTADO,1,ZONA METROPOLITANA,8
,2024,22 TECHADOS ESCOLARES,40496,,"CONSTRUCCI√ìN DE TECHADOS EN ESCUELAS P√öBLICAS DE EDUCACI√ìN B√ÅSICA, TECHADO DE 20 X 30 METROS EN XONA E√ìLICA TIPO 2, EN LA LOCALIDAD HEROICA PUEBLA DE ZARAGOZA, EN EL MUNICIPIO DE PUEBLA, EN EL ESTADO DE PUEBLA.","GRUPO BAND Y JLB DE PUEBLA, S.A. DE C.V. ",CONVENIO ESTADO / FAISMUNDF 2024,12404044.36,,12404044.37,24559296.03,0,4093216.005,24559296.03,0,1,13200,M2,50% MUNICIPIO / 50% ESTADO,1,SAN BALTAZAR CAMPECHE,3
,2024,22 TECHADOS ESCOLARES,40496,,"CONSTRUCCI√ìN DE TECHADOS EN ESCUELAS P√öBLICAS DE EDUCACI√ìN B√ÅSICA, TECHADO DE 20 X 30 METROS EN XONA E√ìLICA TIPO 2, EN LA LOCALIDAD HEROICA PUEBLA DE ZARAGOZA, EN EL MUNICIPIO DE PUEBLA, EN EL ESTADO DE PUEBLA.","GRUPO BAND Y JLB DE PUEBLA, S.A. DE C.V. ",CONVENIO ESTADO / FAISMUNDF 2024,12404044.36,,12404044.37,24559296.03,0,4093216.005,24559296.03,0,1,13200,M2,50% MUNICIPIO / 50% ESTADO,1,IGNACIO ZARAGOZA,2
,2024,22 TECHADOS ESCOLARES,40496,,"CONSTRUCCI√ìN DE TECHADOS EN ESCUELAS P√öBLICAS DE EDUCACI√ìN B√ÅSICA, TECHADO DE 20 X 30 METROS EN XONA E√ìLICA TIPO 2, EN LA LOCALIDAD HEROICA PUEBLA DE ZARAGOZA, EN EL MUNICIPIO DE PUEBLA, EN EL ESTADO DE PUEBLA.","GRUPO BAND Y JLB DE PUEBLA, S.A. DE C.V. ",CONVENIO ESTADO / FAISMUNDF 2024,12404044.36,,12404044.37,24559296.03,0,4093216.005,24559296.03,0,1,13200,M2,50% MUNICIPIO / 50% ESTADO,1,SAN FRANCISCO TOTIMEHUACAN,4
,2025,MEJORAMIENTO A LA VIVIENDA,31057,NO,EQUIPAMIENTO Y OBRAS COMPLEMENTARIAS PARA LA IMPLEMENTACI√ìN DE ELECTRIFICACI√ìN NO CONVENCIONAL CON PANEL SOLAR EN DIFERENTES VIVIENDAS UBICADAS EN ZONAS DE ATENCI√ìN PRIORITARIAS DEL MUNICIPIO DE PUEBLA,"LI1, S.A. DE C.V.",FAISMUN DF 2025,0,0,1478056.17,1461725.98,0,243620.9967,438517.79,1023208.19,0.299999997,,,MUNICIPIO,1,SAN SEBASTIAN DE APARICIO,1
,2025,MEJORAMIENTO A LA VIVIENDA,31057,NO,EQUIPAMIENTO Y OBRAS COMPLEMENTARIAS PARA LA IMPLEMENTACI√ìN DE ELECTRIFICACI√ìN NO CONVENCIONAL CON PANEL SOLAR EN DIFERENTES VIVIENDAS UBICADAS EN ZONAS DE ATENCI√ìN PRIORITARIAS DEL MUNICIPIO DE PUEBLA,"LI1, S.A. DE C.V.",FAISMUN DF 2025,0,0,1478056.17,1461725.98,0,243620.9967,438517.79,1023208.19,0.299999997,,,MUNICIPIO,1,SAN PABLO XOCHIMEHUACAN,2
,2025,MEJORAMIENTO A LA VIVIENDA,31057,NO,EQUIPAMIENTO Y OBRAS COMPLEMENTARIAS PARA LA IMPLEMENTACI√ìN DE ELECTRIFICACI√ìN NO CONVENCIONAL CON PANEL SOLAR EN DIFERENTES VIVIENDAS UBICADAS EN ZONAS DE ATENCI√ìN PRIORITARIAS DEL MUNICIPIO DE PUEBLA,"LI1, S.A. DE C.V.",FAISMUN DF 2025,0,0,1478056.17,1461725.98,0,243620.9967,438517.79,1023208.19,0.299999997,,,MUNICIPIO,1,IGNACIO ZARAGOZA,1
,2025,MEJORAMIENTO A LA VIVIENDA,31057,NO,EQUIPAMIENTO Y OBRAS COMPLEMENTARIAS PARA LA IMPLEMENTACI√ìN DE ELECTRIFICACI√ìN NO CONVENCIONAL CON PANEL SOLAR EN DIFERENTES VIVIENDAS UBICADAS EN ZONAS DE ATENCI√ìN PRIORITARIAS DEL MUNICIPIO DE PUEBLA,"LI1, S.A. DE C.V.",FAISMUN DF 2025,0,0,1478056.17,1461725.98,0,243620.9967,438517.79,1023208.19,0.299999997,,,MUNICIPIO,1,SANTO TOMAS CHAUTLA,8
,2025,MEJORAMIENTO A LA VIVIENDA,31057,NO,EQUIPAMIENTO Y OBRAS COMPLEMENTARIAS PARA LA IMPLEMENTACI√ìN DE ELECTRIFICACI√ìN NO CONVENCIONAL CON PANEL SOLAR EN DIFERENTES VIVIENDAS UBICADAS EN ZONAS DE ATENCI√ìN PRIORITARIAS DEL MUNICIPIO DE PUEBLA,"LI1, S.A. DE C.V.",FAISMUN DF 2025,0,0,1478056.17,1461725.98,0,243620.9967,438517.79,1023208.19,0.299999997,,,MUNICIPIO,1,SAN FRANCISCO TOTIMEHUACAN,4
,2025,MEJORAMIENTO A LA VIVIENDA,31057,NO,EQUIPAMIENTO Y OBRAS COMPLEMENTARIAS PARA LA IMPLEMENTACI√ìN DE ELECTRIFICACI√ìN NO CONVENCIONAL CON PANEL SOLAR EN DIFERENTES VIVIENDAS UBICADAS EN ZONAS DE ATENCI√ìN PRIORITARIAS DEL MUNICIPIO DE PUEBLA,"LI1, S.A. DE C.V.",FAISMUN DF 2025,0,0,1478056.17,1461725.98,0,243620.9967,438517.79,1023208.19,0.299999997,,,MUNICIPIO,1,SAN ANDRES AZUMIATLA,9
,2025,MEJORAMIENTO A LA VIVIENDA,31058,NO,EQUIPAMIENTO Y OBRAS COMPLEMENTARIAS PARA LA IMPLEMENTACI√ìN PARA LA IMPLEMENTACI√ìN DE SISTEMAS DE ALMACENAMIENTO DE AGUA MEDIANTE TINACOS EN DIFERENTES VIVIENDAS UBICADAS EN ZONAS DE ATENCI√ìN PRIORITARIA DEL MUNICIPIO DE PUEBLA ,"CONSTRUCCI√ìN Y COORDINACI√ìN DE PROYECTOS, S.A. DE C.V.",FAISMUN DF 2025,0,0,9789745.68,9674712.71,0,569100.7476,5501415.65,4173297.06,0.568638658,,,MUNICIPIO,0.5153,SAN MIGUEL CANOA,69
,2025,MEJORAMIENTO A LA VIVIENDA,31058,NO,EQUIPAMIENTO Y OBRAS COMPLEMENTARIAS PARA LA IMPLEMENTACI√ìN PARA LA IMPLEMENTACI√ìN DE SISTEMAS DE ALMACENAMIENTO DE AGUA MEDIANTE TINACOS EN DIFERENTES VIVIENDAS UBICADAS EN ZONAS DE ATENCI√ìN PRIORITARIA DEL MUNICIPIO DE PUEBLA ,"CONSTRUCCI√ìN Y COORDINACI√ìN DE PROYECTOS, S.A. DE C.V.",FAISMUN DF 2025,0,0,9789745.68,9674712.71,0,569100.7476,5501415.65,4173297.06,0.568638658,,,MUNICIPIO,0.5153,SANTA MARIA XONACATEPEC,39
,2025,MEJORAMIENTO A LA VIVIENDA,31058,NO,EQUIPAMIENTO Y OBRAS COMPLEMENTARIAS PARA LA IMPLEMENTACI√ìN PARA LA IMPLEMENTACI√ìN DE SISTEMAS DE ALMACENAMIENTO DE AGUA MEDIANTE TINACOS EN DIFERENTES VIVIENDAS UBICADAS EN ZONAS DE ATENCI√ìN PRIORITARIA DEL MUNICIPIO DE PUEBLA ,"CONSTRUCCI√ìN Y COORDINACI√ìN DE PROYECTOS, S.A. DE C.V.",FAISMUN DF 2025,0,0,9789745.68,9674712.71,0,569100.7476,5501415.65,4173297.06,0.568638658,,,MUNICIPIO,0.5153,LA RESURECCION,144
,2025,MEJORAMIENTO A LA VIVIENDA,31058,NO,EQUIPAMIENTO Y OBRAS COMPLEMENTARIAS PARA LA IMPLEMENTACI√ìN PARA LA IMPLEMENTACI√ìN DE SISTEMAS DE ALMACENAMIENTO DE AGUA MEDIANTE TINACOS EN DIFERENTES VIVIENDAS UBICADAS EN ZONAS DE ATENCI√ìN PRIORITARIA DEL MUNICIPIO DE PUEBLA ,"CONSTRUCCI√ìN Y COORDINACI√ìN DE PROYECTOS, S.A. DE C.V.",FAISMUN DF 2025,0,0,9789745.68,9674712.71,0,569100.7476,5501415.65,4173297.06,0.568638658,,,MUNICIPIO,0.5153,SAN SEBASTIAN DE APARICIO,49
,2025,MEJORAMIENTO A LA VIVIENDA,31058,NO,EQUIPAMIENTO Y OBRAS COMPLEMENTARIAS PARA LA IMPLEMENTACI√ìN PARA LA IMPLEMENTACI√ìN DE SISTEMAS DE ALMACENAMIENTO DE AGUA MEDIANTE TINACOS EN DIFERENTES VIVIENDAS UBICADAS EN ZONAS DE ATENCI√ìN PRIORITARIA DEL MUNICIPIO DE PUEBLA ,"CONSTRUCCI√ìN Y COORDINACI√ìN DE PROYECTOS, S.A. DE C.V.",FAISMUN DF 2025,0,0,9789745.68,9674712.71,0,569100.7476,5501415.65,4173297.06,0.568638658,,,MUNICIPIO,0.5153,SAN PABLO XOCHIMEHUACAN,49
,2025,MEJORAMIENTO A LA VIVIENDA,31058,NO,EQUIPAMIENTO Y OBRAS COMPLEMENTARIAS PARA LA IMPLEMENTACI√ìN PARA LA IMPLEMENTACI√ìN DE SISTEMAS DE ALMACENAMIENTO DE AGUA MEDIANTE TINACOS EN DIFERENTES VIVIENDAS UBICADAS EN ZONAS DE ATENCI√ìN PRIORITARIA DEL MUNICIPIO DE PUEBLA ,"CONSTRUCCI√ìN Y COORDINACI√ìN DE PROYECTOS, S.A. DE C.V.",FAISMUN DF 2025,0,0,9789745.68,9674712.71,0,569100.7476,5501415.65,4173297.06,0.568638658,,,MUNICIPIO,0.5153,ZONA METROPOLITANA,32
,2025,MEJORAMIENTO A LA VIVIENDA,31058,NO,EQUIPAMIENTO Y OBRAS COMPLEMENTARIAS PARA LA IMPLEMENTACI√ìN PARA LA IMPLEMENTACI√ìN DE SISTEMAS DE ALMACENAMIENTO DE AGUA MEDIANTE TINACOS EN DIFERENTES VIVIENDAS UBICADAS EN ZONAS DE ATENCI√ìN PRIORITARIA DEL MUNICIPIO DE PUEBLA ,"CONSTRUCCI√ìN Y COORDINACI√ìN DE PROYECTOS, S.A. DE C.V.",FAISMUN DF 2025,0,0,9789745.68,9674712.71,0,569100.7476,5501415.65,4173297.06,0.568638658,,,MUNICIPIO,0.5153,SAN FELIPE HUEYOTLIPAN,1
,2025,MEJORAMIENTO A LA VIVIENDA,31058,NO,EQUIPAMIENTO Y OBRAS COMPLEMENTARIAS PARA LA IMPLEMENTACI√ìN PARA LA IMPLEMENTACI√ìN DE SISTEMAS DE ALMACENAMIENTO DE AGUA MEDIANTE TINACOS EN DIFERENTES VIVIENDAS UBICADAS EN ZONAS DE ATENCI√ìN PRIORITARIA DEL MUNICIPIO DE PUEBLA ,"CONSTRUCCI√ìN Y COORDINACI√ìN DE PROYECTOS, S.A. DE C.V.",FAISMUN DF 2025,0,0,9789745.68,9674712.71,0,569100.7476,5501415.65,4173297.06,0.568638658,,,MUNICIPIO,0.5153,SAN JERONIMO CALERAS,17
,2025,MEJORAMIENTO A LA VIVIENDA,31058,NO,EQUIPAMIENTO Y OBRAS COMPLEMENTARIAS PARA LA IMPLEMENTACI√ìN PARA LA IMPLEMENTACI√ìN DE SISTEMAS DE ALMACENAMIENTO DE AGUA MEDIANTE TINACOS EN DIFERENTES VIVIENDAS UBICADAS EN ZONAS DE ATENCI√ìN PRIORITARIA DEL MUNICIPIO DE PUEBLA ,"CONSTRUCCI√ìN Y COORDINACI√ìN DE PROYECTOS, S.A. DE C.V.",FAISMUN DF 2025,0,0,9789745.68,9674712.71,0,569100.7476,5501415.65,4173297.06,0.568638658,,,MUNICIPIO,0.5153,LA LIBERTAD,15
,2025,MEJORAMIENTO A LA VIVIENDA,31058,NO,EQUIPAMIENTO Y OBRAS COMPLEMENTARIAS PARA LA IMPLEMENTACI√ìN PARA LA IMPLEMENTACI√ìN DE SISTEMAS DE ALMACENAMIENTO DE AGUA MEDIANTE TINACOS EN DIFERENTES VIVIENDAS UBICADAS EN ZONAS DE ATENCI√ìN PRIORITARIA DEL MUNICIPIO DE PUEBLA ,"CONSTRUCCI√ìN Y COORDINACI√ìN DE PROYECTOS, S.A. DE C.V.",FAISMUN DF 2025,0,0,9789745.68,9674712.71,0,569100.7476,5501415.65,4173297.06,0.568638658,,,MUNICIPIO,0.5153,IGNACIO ROMERO VARGAS,4
,2025,MEJORAMIENTO A LA VIVIENDA,31058,NO,EQUIPAMIENTO Y OBRAS COMPLEMENTARIAS PARA LA IMPLEMENTACI√ìN PARA LA IMPLEMENTACI√ìN DE SISTEMAS DE ALMACENAMIENTO DE AGUA MEDIANTE TINACOS EN DIFERENTES VIVIENDAS UBICADAS EN ZONAS DE ATENCI√ìN PRIORITARIA DEL MUNICIPIO DE PUEBLA ,"CONSTRUCCI√ìN Y COORDINACI√ìN DE PROYECTOS, S.A. DE C.V.",FAISMUN DF 2025,0,0,9789745.68,9674712.71,0,569100.7476,5501415.65,4173297.06,0.568638658,,,MUNICIPIO,0.5153,IGNACIO ZARAGOZA,16
,2025,MEJORAMIENTO A LA VIVIENDA,31058,NO,EQUIPAMIENTO Y OBRAS COMPLEMENTARIAS PARA LA IMPLEMENTACI√ìN PARA LA IMPLEMENTACI√ìN DE SISTEMAS DE ALMACENAMIENTO DE AGUA MEDIANTE TINACOS EN DIFERENTES VIVIENDAS UBICADAS EN ZONAS DE ATENCI√ìN PRIORITARIA DEL MUNICIPIO DE PUEBLA ,"CONSTRUCCI√ìN Y COORDINACI√ìN DE PROYECTOS, S.A. DE C.V.",FAISMUN DF 2025,0,0,9789745.68,9674712.71,0,569100.7476,5501415.65,4173297.06,0.568638658,,,MUNICIPIO,0.5153,SAN BALTAZAR CAMPECHE,88
,2025,MEJORAMIENTO A LA VIVIENDA,31058,NO,EQUIPAMIENTO Y OBRAS COMPLEMENTARIAS PARA LA IMPLEMENTACI√ìN PARA LA IMPLEMENTACI√ìN DE SISTEMAS DE ALMACENAMIENTO DE AGUA MEDIANTE TINACOS EN DIFERENTES VIVIENDAS UBICADAS EN ZONAS DE ATENCI√ìN PRIORITARIA DEL MUNICIPIO DE PUEBLA ,"CONSTRUCCI√ìN Y COORDINACI√ìN DE PROYECTOS, S.A. DE C.V.",FAISMUN DF 2025,0,0,9789745.68,9674712.71,0,569100.7476,5501415.65,4173297.06,0.568638658,,,MUNICIPIO,0.5153,SANTO TOMAS CHAUTLA,51
,2025,MEJORAMIENTO A LA VIVIENDA,31058,NO,EQUIPAMIENTO Y OBRAS COMPLEMENTARIAS PARA LA IMPLEMENTACI√ìN PARA LA IMPLEMENTACI√ìN DE SISTEMAS DE ALMACENAMIENTO DE AGUA MEDIANTE TINACOS EN DIFERENTES VIVIENDAS UBICADAS EN ZONAS DE ATENCI√ìN PRIORITARIA DEL MUNICIPIO DE PUEBLA ,"CONSTRUCCI√ìN Y COORDINACI√ìN DE PROYECTOS, S.A. DE C.V.",FAISMUN DF 2025,0,0,9789745.68,9674712.71,0,569100.7476,5501415.65,4173297.06,0.568638658,,,MUNICIPIO,0.5153,SAN FRANCISCO TOTIMEHUACAN,177
,2025,MEJORAMIENTO A LA VIVIENDA,31058,NO,EQUIPAMIENTO Y OBRAS COMPLEMENTARIAS PARA LA IMPLEMENTACI√ìN PARA LA IMPLEMENTACI√ìN DE SISTEMAS DE ALMACENAMIENTO DE AGUA MEDIANTE TINACOS EN DIFERENTES VIVIENDAS UBICADAS EN ZONAS DE ATENCI√ìN PRIORITARIA DEL MUNICIPIO DE PUEBLA ,"CONSTRUCCI√ìN Y COORDINACI√ìN DE PROYECTOS, S.A. DE C.V.",FAISMUN DF 2025,0,0,9789745.68,9674712.71,0,569100.7476,5501415.65,4173297.06,0.568638658,,,MUNICIPIO,0.5153,SAN PEDRO ZACACHIMALPA,2
,2025,MEJORAMIENTO A LA VIVIENDA,31058,NO,EQUIPAMIENTO Y OBRAS COMPLEMENTARIAS PARA LA IMPLEMENTACI√ìN PARA LA IMPLEMENTACI√ìN DE SISTEMAS DE ALMACENAMIENTO DE AGUA MEDIANTE TINACOS EN DIFERENTES VIVIENDAS UBICADAS EN ZONAS DE ATENCI√ìN PRIORITARIA DEL MUNICIPIO DE PUEBLA ,"CONSTRUCCI√ìN Y COORDINACI√ìN DE PROYECTOS, S.A. DE C.V.",FAISMUN DF 2025,0,0,9789745.68,9674712.71,0,569100.7476,5501415.65,4173297.06,0.568638658,,,MUNICIPIO,0.5153,SAN BALTAZAR TETELA,3
,2025,MEJORAMIENTO A LA VIVIENDA,31058,NO,EQUIPAMIENTO Y OBRAS COMPLEMENTARIAS PARA LA IMPLEMENTACI√ìN PARA LA IMPLEMENTACI√ìN DE SISTEMAS DE ALMACENAMIENTO DE AGUA MEDIANTE TINACOS EN DIFERENTES VIVIENDAS UBICADAS EN ZONAS DE ATENCI√ìN PRIORITARIA DEL MUNICIPIO DE PUEBLA ,"CONSTRUCCI√ìN Y COORDINACI√ìN DE PROYECTOS, S.A. DE C.V.",FAISMUN DF 2025,0,0,9789745.68,9674712.71,0,569100.7476,5501415.65,4173297.06,0.568638658,,,MUNICIPIO,0.5153,SAN ANDRES AZUMIATLA,6
,2025,REHABILITACION VIAL,50342,SI,"RECONSTRUCCI√ìN DE PAVIMENTO CON CONCRETO ASF√ÅLTICO DE CALLE 8 SUR ENTRE PROLONGACI√ìN REFORMA Y AVENIDA 10 PONIENTE O CALLE AQUILES SERD√ÅN CALLE 53 NORTE ENTRE CALLE 10 PONIENTE O CALLE AQUILES SERD√ÅN Y LATERAL DE BOULEVARDHERMANOS SERD√ÅN, EN LA COLONIA AQUILES SERD√ÅN, DE LAS JUNTA AUXILIARES LA LIBERTAD Y SAN JER√ìNIMO CALERAS, EN EL MUNICIPIO DE PUEBLA.","ADET CONSTRUCCIPON INMOBILIARIA, S.A. DE C.V. ",FORTAMUN DF 2025,0,0,15701531.81,15486462.04,0,15486462.04,14991010.76,495451.28,0.968007458,13802,M2,MUNICIPIO,1,LA LIBERTAD,
,2025,REHABILITACION VIAL,50342,SI,"RECONSTRUCCI√ìN DE PAVIMENTO CON CONCRETO ASF√ÅLTICO DE CALLE 8 SUR ENTRE PROLONGACI√ìN REFORMA Y AVENIDA 10 PONIENTE O CALLE AQUILES SERD√ÅN CALLE 53 NORTE ENTRE CALLE 10 PONIENTE O CALLE AQUILES SERD√ÅN Y LATERAL DE BOULEVARDHERMANOS SERD√ÅN, EN LA COLONIA AQUILES SERD√ÅN, DE LAS JUNTA AUXILIARES LA LIBERTAD Y SAN JER√ìNIMO CALERAS, EN EL MUNICIPIO DE PUEBLA.","ADET CONSTRUCCIPON INMOBILIARIA, S.A. DE C.V. ",FORTAMUN DF 2025,0,0,15701531.81,15486462.04,0,15486462.04,14991010.76,495451.28,0.968007458,13802,M2,MUNICIPIO,1,SAN JERONIMO CALERAS,
,2025,MEJORAMIENTO A LA VIVIENDA,31059,NO,EQUIPAMIENTO Y OBRAS COMPLEMENTARIAS PARA LA IMPLEMENTACI√ìN DE LOS SISTEMAS DE CAPTACI√ìN PLUVIAL EN DIFERENTES VIVIENDAS UBICADAS EN ZONAS DE ATENCI√ìN PRIORITARIA DEL MUNICIPIO DE PUEBLA,"REMA SOLUTIONS, S.A. DE C.V.",FAISMUN DF 2025,0,0,1120397.666,1112436.403,0,1112436.403,1007945.572,104490.8307,0.906070288,,,MUNICIPIO,0.63,SAN MIGUEL CANOA,34
,2025,MEJORAMIENTO A LA VIVIENDA,31059,NO,EQUIPAMIENTO Y OBRAS COMPLEMENTARIAS PARA LA IMPLEMENTACI√ìN DE LOS SISTEMAS DE CAPTACI√ìN PLUVIAL EN DIFERENTES VIVIENDAS UBICADAS EN ZONAS DE ATENCI√ìN PRIORITARIA DEL MUNICIPIO DE PUEBLA,"REMA SOLUTIONS, S.A. DE C.V.",FAISMUN DF 2025,0,0,1120397.666,1112436.403,0,1112436.403,1007945.572,104490.8307,0.906070288,,,MUNICIPIO,0.63,SANTA MARIA XONACATEPEC,13
,2025,MEJORAMIENTO A LA VIVIENDA,31059,NO,EQUIPAMIENTO Y OBRAS COMPLEMENTARIAS PARA LA IMPLEMENTACI√ìN DE LOS SISTEMAS DE CAPTACI√ìN PLUVIAL EN DIFERENTES VIVIENDAS UBICADAS EN ZONAS DE ATENCI√ìN PRIORITARIA DEL MUNICIPIO DE PUEBLA,"REMA SOLUTIONS, S.A. DE C.V.",FAISMUN DF 2025,0,0,1120397.666,1112436.403,0,1112436.403,1007945.572,104490.8307,0.906070288,,,MUNICIPIO,0.63,LA RESURECCION,2
,2025,MEJORAMIENTO A LA VIVIENDA,31059,NO,EQUIPAMIENTO Y OBRAS COMPLEMENTARIAS PARA LA IMPLEMENTACI√ìN DE LOS SISTEMAS DE CAPTACI√ìN PLUVIAL EN DIFERENTES VIVIENDAS UBICADAS EN ZONAS DE ATENCI√ìN PRIORITARIA DEL MUNICIPIO DE PUEBLA,"REMA SOLUTIONS, S.A. DE C.V.",FAISMUN DF 2025,0,0,1120397.666,1112436.403,0,1112436.403,1007945.572,104490.8307,0.906070288,,,MUNICIPIO,0.63,SAN SEBASTIAN APARICIO,11
,2025,MEJORAMIENTO A LA VIVIENDA,31059,NO,EQUIPAMIENTO Y OBRAS COMPLEMENTARIAS PARA LA IMPLEMENTACI√ìN DE LOS SISTEMAS DE CAPTACI√ìN PLUVIAL EN DIFERENTES VIVIENDAS UBICADAS EN ZONAS DE ATENCI√ìN PRIORITARIA DEL MUNICIPIO DE PUEBLA,"REMA SOLUTIONS, S.A. DE C.V.",FAISMUN DF 2025,0,0,1120397.666,1112436.403,0,1112436.403,1007945.572,104490.8307,0.906070288,,,MUNICIPIO,0.63,SAN PABLO XOCHIMEHUACAN,29
,2025,MEJORAMIENTO A LA VIVIENDA,31059,NO,EQUIPAMIENTO Y OBRAS COMPLEMENTARIAS PARA LA IMPLEMENTACI√ìN DE LOS SISTEMAS DE CAPTACI√ìN PLUVIAL EN DIFERENTES VIVIENDAS UBICADAS EN ZONAS DE ATENCI√ìN PRIORITARIA DEL MUNICIPIO DE PUEBLA,"REMA SOLUTIONS, S.A. DE C.V.",FAISMUN DF 2025,0,0,1120397.666,1112436.403,0,1112436.403,1007945.572,104490.8307,0.906070288,,,MUNICIPIO,0.63,SAN JERONIMO CALERAS,5
,2025,MEJORAMIENTO A LA VIVIENDA,31059,NO,EQUIPAMIENTO Y OBRAS COMPLEMENTARIAS PARA LA IMPLEMENTACI√ìN DE LOS SISTEMAS DE CAPTACI√ìN PLUVIAL EN DIFERENTES VIVIENDAS UBICADAS EN ZONAS DE ATENCI√ìN PRIORITARIA DEL MUNICIPIO DE PUEBLA,"REMA SOLUTIONS, S.A. DE C.V.",FAISMUN DF 2025,0,0,1120397.666,1112436.403,0,1112436.403,1007945.572,104490.8307,0.906070288,,,MUNICIPIO,0.63,IGNACIO ROMERO VARGAS,3
,2025,MEJORAMIENTO A LA VIVIENDA,31059,NO,EQUIPAMIENTO Y OBRAS COMPLEMENTARIAS PARA LA IMPLEMENTACI√ìN DE LOS SISTEMAS DE CAPTACI√ìN PLUVIAL EN DIFERENTES VIVIENDAS UBICADAS EN ZONAS DE ATENCI√ìN PRIORITARIA DEL MUNICIPIO DE PUEBLA,"REMA SOLUTIONS, S.A. DE C.V.",FAISMUN DF 2025,0,0,1120397.666,1112436.403,0,1112436.403,1007945.572,104490.8307,0.906070288,,,MUNICIPIO,0.63,ZONA METROPOLITANA,2
,2025,MEJORAMIENTO A LA VIVIENDA,31059,NO,EQUIPAMIENTO Y OBRAS COMPLEMENTARIAS PARA LA IMPLEMENTACI√ìN DE LOS SISTEMAS DE CAPTACI√ìN PLUVIAL EN DIFERENTES VIVIENDAS UBICADAS EN ZONAS DE ATENCI√ìN PRIORITARIA DEL MUNICIPIO DE PUEBLA,"REMA SOLUTIONS, S.A. DE C.V.",FAISMUN DF 2025,0,0,1120397.666,1112436.403,0,1112436.403,1007945.572,104490.8307,0.906070288,,,MUNICIPIO,0.63,IGNACIO ZARAGOZA,6
,2025,MEJORAMIENTO A LA VIVIENDA,31059,NO,EQUIPAMIENTO Y OBRAS COMPLEMENTARIAS PARA LA IMPLEMENTACI√ìN DE LOS SISTEMAS DE CAPTACI√ìN PLUVIAL EN DIFERENTES VIVIENDAS UBICADAS EN ZONAS DE ATENCI√ìN PRIORITARIA DEL MUNICIPIO DE PUEBLA,"REMA SOLUTIONS, S.A. DE C.V.",FAISMUN DF 2025,0,0,1120397.666,1112436.403,0,1112436.403,1007945.572,104490.8307,0.906070288,,,MUNICIPIO,0.63,SAN BALTAZAR CAMPECHE,40
,2025,MEJORAMIENTO A LA VIVIENDA,31059,NO,EQUIPAMIENTO Y OBRAS COMPLEMENTARIAS PARA LA IMPLEMENTACI√ìN DE LOS SISTEMAS DE CAPTACI√ìN PLUVIAL EN DIFERENTES VIVIENDAS UBICADAS EN ZONAS DE ATENCI√ìN PRIORITARIA DEL MUNICIPIO DE PUEBLA,"REMA SOLUTIONS, S.A. DE C.V.",FAISMUN DF 2025,0,0,1120397.666,1112436.403,0,1112436.403,1007945.572,104490.8307,0.906070288,,,MUNICIPIO,0.63,SANTO TOMAS CHAUTLA,33
,2025,MEJORAMIENTO A LA VIVIENDA,31059,NO,EQUIPAMIENTO Y OBRAS COMPLEMENTARIAS PARA LA IMPLEMENTACI√ìN DE LOS SISTEMAS DE CAPTACI√ìN PLUVIAL EN DIFERENTES VIVIENDAS UBICADAS EN ZONAS DE ATENCI√ìN PRIORITARIA DEL MUNICIPIO DE PUEBLA,"REMA SOLUTIONS, S.A. DE C.V.",FAISMUN DF 2025,0,0,1120397.666,1112436.403,0,1112436.403,1007945.572,104490.8307,0.906070288,,,MUNICIPIO,0.63,SAN FRANCISCO TOTIMEHUACAN,85
,2025,MEJORAMIENTO A LA VIVIENDA,31059,NO,EQUIPAMIENTO Y OBRAS COMPLEMENTARIAS PARA LA IMPLEMENTACI√ìN DE LOS SISTEMAS DE CAPTACI√ìN PLUVIAL EN DIFERENTES VIVIENDAS UBICADAS EN ZONAS DE ATENCI√ìN PRIORITARIA DEL MUNICIPIO DE PUEBLA,"REMA SOLUTIONS, S.A. DE C.V.",FAISMUN DF 2025,0,0,1120397.666,1112436.403,0,1112436.403,1007945.572,104490.8307,0.906070288,,,MUNICIPIO,0.63,SAN PEDRO ZACACHIMALPA,13
,2025,MEJORAMIENTO A LA VIVIENDA,31059,NO,EQUIPAMIENTO Y OBRAS COMPLEMENTARIAS PARA LA IMPLEMENTACI√ìN DE LOS SISTEMAS DE CAPTACI√ìN PLUVIAL EN DIFERENTES VIVIENDAS UBICADAS EN ZONAS DE ATENCI√ìN PRIORITARIA DEL MUNICIPIO DE PUEBLA,"REMA SOLUTIONS, S.A. DE C.V.",FAISMUN DF 2025,0,0,1120397.666,1112436.403,0,1112436.403,1007945.572,104490.8307,0.906070288,,,MUNICIPIO,0.63,SAN ANDRES AZUMIATLA,11
